,slug,name,playtime,released,rating,rating_top,ratings_count,suggestions_count,reviews_text_count,added,reviews_count,esrb_rating,background_image
0,the-elder-scrolls-v-skyrim,The Elder Scrolls V: Skyrim,46,2011-11-11,4.42,5,4082,586,23,13742,4116,mature,https://media.rawg.io/media/games/7cf/7cfc9220b401b7a300e409e539c9afd5.jpg
1,fallout-4,Fallout 4,42,2015-11-09,3.8,4,2912,444,17,11401,2937,mature,https://media.rawg.io/media/games/d82/d82990b9c67ba0d2d09d4e6fa88885a7.jpg
2,payday-2,PAYDAY 2,9,2013-08-13,3.5,4,1874,410,13,11008,1889,adults-only,https://media.rawg.io/media/games/73e/73eecb8909e0c39fb246f457b5d6cbbe.jpg
3,terraria,Terraria,13,2011-05-16,4.04,4,1985,287,11,10208,2003,teen,https://media.rawg.io/media/games/f46/f466571d536f2e3ea9e815ad17177501.jpg
4,batman-arkham-knight,Batman: Arkham Knight,20,2015-06-23,4.22,4,2271,652,11,9787,2287,mature,https://media.rawg.io/media/games/310/3106b0e012271c5ffb16497b070be739.jpg
5,mirrors-edge,Mirror's Edge,3,2008-11-11,4.07,4,2035,323,10,9051,2048,teen,https://media.rawg.io/media/games/8e4/8e4de3f54ac659e08a7ba6a2b731682a.jpg
6,hollow-knight,Hollow Knight,6,2017-02-23,4.41,5,2101,483,25,8838,2140,everyone-10-plus,https://media.rawg.io/media/games/4cf/4cfc6b7f1850590a4634b08bfab308ab.jpg
7,wolfenstein-the-new-order,Wolfenstein: The New Order,12,2014-05-19,4.19,4,2164,674,10,8419,2179,mature,https://media.rawg.io/media/games/c80/c80bcf321da44d69b18a06c04d942662.jpg
8,prey,Prey,10,2017-05-05,4.28,5,1884,618,19,8179,1916,mature,https://media.rawg.io/media/games/e6d/e6de699bd788497f4b52e2f41f9698f2.jpg
9,dead-space,Dead Space,3,2008-10-13,4.37,5,1924,693,12,8113,1940,mature,https://media.rawg.io/media/games/ebd/ebdbb7eb52bd58b0e7fa4538d9757b60.jpg
10,mass-effect-2,Mass Effect 2,21,2010-01-26,4.48,5,2613,583,11,8052,2631,mature,https://media.rawg.io/media/games/3cf/3cff89996570cf29a10eb9cd967dcf73.jpg
11,for-honor,For Honor,7,2017-02-13,3.3,4,1514,701,6,8039,1522,mature,https://media.rawg.io/media/games/4e0/4e0e7b6d6906a131307c94266e5c9a1c.jpg
12,stardew-valley,Stardew Valley,11,2016-02-25,4.4,5,1941,270,15,7958,1965,everyone-10-plus,https://media.rawg.io/media/games/713/713269608dc8f2f40f5a670a14b2de94.jpg
13,fallout-new-vegas,Fallout: New Vegas,12,2010-10-19,4.43,5,2146,582,9,7937,2161,mature,https://media.rawg.io/media/games/995/9951d9d55323d08967640f7b9ab3e342.jpg
14,hellblade-senuas-sacrifice,Hellblade: Senua's Sacrifice,6,2017-08-07,4.26,5,1931,455,32,7926,1976,mature,https://media.rawg.io/media/games/63f/63f0e68688cad279ed38cde931dbfcdb.jpg
15,mass-effect,Mass Effect,8,2007-11-16,4.4,5,2328,506,12,7695,2348,mature,https://media.rawg.io/media/games/a6c/a6ccd34125c594abf1a9c9821b9a715d.jpg
16,dishonored-2,Dishonored 2,13,2016-11-10,4.26,4,1672,684,10,7523,1686,mature,https://media.rawg.io/media/games/f6b/f6bed028b02369d4cab548f4f9337e81.jpg
17,jedi-the-fallen-order,Star Wars Jedi: Fallen Order,8,2019-11-15,4.15,4,1754,544,39,7272,1803,teen,https://media.rawg.io/media/games/559/559bc0768f656ad0c63c54b80a82d680.jpg
18,brutal-legend,Brutal Legend,5,2009-10-12,3.65,4,979,644,3,7187,984,,https://media.rawg.io/media/games/af7/af7a831001c5c32c46e950cc883b8cb7.jpg
19,psychonauts,Psychonauts,4,2005-04-01,4.02,5,840,418,9,6934,851,teen,https://media.rawg.io/media/games/c89/c89ca70716080733d03724277df2c6c7.jpg
20,titanfall-2,Titanfall 2,5,2016-10-28,4.31,4,1744,592,24,6925,1774,mature,https://media.rawg.io/media/games/569/56978b5a77f13aa2ec5d09ec81d01cad.jpg
21,cities-skylines,Cities: Skylines,8,2015-03-10,4.14,4,1282,427,6,6866,1291,everyone,https://media.rawg.io/media/games/25c/25c4776ab5723d5d735d8bf617ca12d9.jpg
22,firewatch,Firewatch,5,2016-02-08,4.31,5,2138,396,21,6767,2168,mature,https://media.rawg.io/media/games/0be/0bea0a08a4d954337305391b778a7f37.jpg
23,minecraft,Minecraft,26,2009-05-10,4.42,5,2309,342,22,6759,2351,everyone-10-plus,https://media.rawg.io/media/games/b4e/b4e4c73d5aa4ec66bbf75375c4847a2b.jpg
24,far-cry-5,Far Cry 5,18,2018-03-27,3.73,4,1768,388,22,6757,1798,mature,https://media.rawg.io/media/games/bce/bce62fbc7cf74bf6a1a37340993ec148.jpg
25,inside,INSIDE,4,2016-06-28,4.4,5,2169,247,23,6735,2198,teen,https://media.rawg.io/media/games/d5a/d5a24f9f71315427fa6e966fdd98dfa6.jpg
26,alien-isolation,Alien: Isolation,4,2014-10-05,4.2,5,1262,510,4,6713,1270,mature,https://media.rawg.io/media/games/daa/daaee07fcb40744d90cf8142f94a241f.jpg
27,middle-earth-shadow-of-war,Middle-earth: Shadow of War,13,2017-09-27,3.84,4,1149,373,6,6697,1159,mature,https://media.rawg.io/media/games/21a/21ad672cedee9b4378abb6c2d2e626ee.jpg
28,assassins-creed-odyssey,Assassin's Creed Odyssey,31,2018-10-05,4.02,4,1703,639,18,6596,1728,mature,https://media.rawg.io/media/games/c6b/c6bd26767c1053fef2b10bb852943559.jpg
29,undertale,Undertale,5,2015-09-14,4.35,5,1529,119,18,6586,1554,everyone-10-plus,https://media.rawg.io/media/games/ffe/ffed87105b14f5beff72ff44a7793fd5.jpg
30,assassins-creed-origins,Assassin's Creed Origins,32,2017-10-27,4.0,4,1733,321,19,6429,1757,mature,https://media.rawg.io/media/games/336/336c6bd63d83cf8e59937ab8895d1240.jpg
31,tom-clancys-rainbow-six-siege-2,Tom Clancy's Rainbow Six Siege,29,2015-12-01,3.92,4,1317,453,8,6422,1329,teen,https://media.rawg.io/media/games/b34/b3419c2706f8f8dbe40d08e23642ad06.jpg
32,battlefield-1,Battlefield 1,5,2016-10-21,3.81,4,1689,614,7,6337,1699,,https://media.rawg.io/media/games/998/9980c4296f311d8bcc5b451ca51e4fe1.jpg
33,no-mans-sky,No Man's Sky,13,2016-08-09,3.68,4,1293,738,7,6219,1303,teen,https://media.rawg.io/media/games/174/1743b3dd185bda4a7be349347d4064df.jpg
34,ark-survival-evolved,ARK: Survival Evolved,6,2015-06-02,3.11,3,474,586,2,6064,477,,https://media.rawg.io/media/games/58a/58ac7f6569259dcc0b60b921869b19fc.jpg
35,ori-and-the-blind-forest-definitive-edition,Ori and the Blind Forest: Definitive Edition,5,2016-04-27,4.43,5,1443,484,16,6029,1466,everyone,https://media.rawg.io/media/games/04a/04a7e7e185fb51493bdcbe1693a8b3dc.jpg
36,wolfenstein-2-the-new-colossus,Wolfenstein II: The New Colossus,11,2017-10-25,4.1,4,1520,612,10,5967,1538,mature,https://media.rawg.io/media/games/a0e/a0ef08621301a1eab5e04fa5c96978fa.jpeg
37,dragon-age-origins,Dragon Age: Origins,8,2009-11-03,4.4,5,1667,646,5,5887,1673,mature,https://media.rawg.io/media/games/dc0/dc0926d3f84ffbcc00968fe8a6f0aed3.jpg
38,halo-infinite,Halo Infinite,2,2021-12-08,3.75,4,481,859,8,5849,491,teen,https://media.rawg.io/media/games/e1f/e1ffbeb1bac25b19749ad285ca29e158.jpg
39,doom-eternal,DOOM Eternal,12,2020-03-20,4.38,5,1041,648,20,5795,1068,mature,https://media.rawg.io/media/games/3ea/3ea3c9bbd940b6cb7f2139e42d3d443f.jpg
40,fallout-3,Fallout 3,4,2008-10-28,4.08,4,1675,636,5,5656,1683,mature,https://media.rawg.io/media/games/5a4/5a4e70bb8a862829dbaa398aa5f66afc.jpg
41,dead-space-2,Dead Space 2,5,2011-01-25,4.36,5,1204,647,3,5656,1210,mature,https://media.rawg.io/media/games/ae1/ae1518c3dc1e847344661905fd2a8d16.jpg
42,halo-the-master-chief-collection,Halo: The Master Chief Collection,6,2014-11-11,4.27,5,959,608,5,5564,965,,https://media.rawg.io/media/games/c24/c24f4434882ae9c2c8d9d38de82cb7a5.jpg
43,quantum-break,Quantum Break,7,2016-04-05,3.92,4,1147,503,12,5545,1161,mature,https://media.rawg.io/media/games/a28/a289e23b4d4d84f26ab59125e3be4483.jpg
44,grim-fandango-remastered,Grim Fandango Remastered,5,2015-01-26,3.99,5,838,550,4,5542,843,teen,https://media.rawg.io/media/games/df2/df20fd77db56ae7b0a26a7ff4baa9ccc.jpg
45,dead-cells,Dead Cells,10,2018-08-07,4.25,4,1383,350,17,5454,1404,teen,https://media.rawg.io/media/games/f90/f90ee1a4239247a822771c40488e68c5.jpg
46,subnautica,Subnautica,9,2018-01-23,4.24,5,1187,831,14,5442,1207,everyone-10-plus,https://media.rawg.io/media/games/739/73990e3ec9f43a9e8ecafe207fa4f368.jpg
47,battlefield-4,Battlefield 4,5,2013-10-29,3.92,4,1358,638,4,5399,1366,,https://media.rawg.io/media/games/ac7/ac7b8327343da12c971cfc418f390a11.jpg
48,goat-simulator,Goat Simulator,3,2014-04-01,3.18,3,1038,470,2,5372,1043,,https://media.rawg.io/media/games/a44/a444a7628bdb49b24d06a7672f805814.jpg
49,the-walking-dead-season-2,The Walking Dead: Season 2,10,2013-12-16,4.02,4,1273,605,3,5271,1278,,https://media.rawg.io/media/games/471/4712c9ac591f556f553556b864a7e92b.jpg
50,yakuza-0,Yakuza 0,7,2015-03-12,4.36,5,914,478,11,5233,930,mature,https://media.rawg.io/media/games/ca1/ca16da30f86d8f4d36261de45fb35430.jpg
51,the-outer-worlds,The Outer Worlds,7,2019-10-25,3.9,4,1244,418,24,5155,1275,,https://media.rawg.io/media/games/704/704f831d2d132e9614931f1c4eab9e86.jpg
52,alan-wakes-american-nightmare,Alan Wake's American Nightmare,3,2012-02-22,3.4,4,723,459,2,5145,728,,https://media.rawg.io/media/games/0b3/0b34647c42271600399b93d19b10f1aa.jpg
53,forza-horizon-4,Forza Horizon 4,13,2018-10-02,4.38,5,1391,444,10,5044,1404,everyone,https://media.rawg.io/media/games/786/7863e587bac630de82fca50d799236a9.jpg
54,a-way-out-2018,A Way Out,5,2018-03-23,4.11,4,1284,486,16,4715,1312,mature,https://media.rawg.io/media/games/473/473bd9a5e9522629d6cb28b701fb836a.jpg
55,ryse-son-of-rome,Ryse: Son of Rome,6,2013-11-22,3.57,4,834,720,8,4592,846,mature,https://media.rawg.io/media/games/736/736c0eaec96d848d7824b33298a182f2.jpg
56,the-long-dark,The Long Dark,5,2014-09-22,3.92,4,696,373,2,4584,700,teen,https://media.rawg.io/media/games/fd2/fd20a68d7ef195855588c937865dd0a7.jpg
57,the-evil-within,The Evil Within,7,2014-10-12,3.96,4,974,597,4,4551,982,mature,https://media.rawg.io/media/games/157/1570121f5c4d240504f1eae5c3854733.jpg
58,dead-by-daylight,Dead by Daylight,8,2016-06-14,3.52,4,791,1051,9,4486,801,mature,https://media.rawg.io/media/games/e11/e11325e2f89151d31f612e38dee3b6a0.jpg
59,frostpunk,Frostpunk,6,2018-04-24,4.17,4,826,371,8,4471,840,mature,https://media.rawg.io/media/games/a88/a886c37bf112d009e318b106db9d420a.jpg
60,broken-age,Broken Age,5,2014-01-28,3.66,4,648,513,4,4429,652,,https://media.rawg.io/media/screenshots/6ac/6ac143af704c95c774af432785ff9762.jpeg
61,sea-of-thieves,Sea of Thieves,10,2018-03-20,3.67,4,878,446,9,4387,889,teen,https://media.rawg.io/media/games/539/53911178036df07d518dd492ddc25289.jpg
62,star-wars-battlefront,STAR WARS Battlefront,3,2015-11-17,3.29,3,1042,611,4,4362,1046,teen,https://media.rawg.io/media/games/bd2/bd2cc7714e0b9b1adad1ba1b2400d436.jpg
63,the-sims-4,The Sims 4,4,2014-09-02,3.69,4,849,443,5,4333,857,teen,https://media.rawg.io/media/games/e44/e445335e611b4ccf03af71fffcbd30a4.jpg
64,mortal-kombat-11,Mortal Kombat 11,9,2019-04-22,4.0,4,902,465,8,4296,913,mature,https://media.rawg.io/media/games/eb5/eb514db62d397c64288160d5bd8fd67a.jpg
65,battlefield-3,Battlefield 3,4,2011-10-25,4.03,4,1156,672,2,4234,1162,mature,https://media.rawg.io/media/games/8bd/8bda6d876f3e241c6024022299553efd.jpg
66,mass-effect-3,Mass Effect 3,30,2012-03-05,4.4,5,1520,670,5,4015,1528,mature,https://media.rawg.io/media/games/315/3156817d3ac1f341da73de6495fb28f5.jpg
67,morrowind,The Elder Scrolls III: Morrowind,2,2002-05-01,4.39,5,882,590,7,4008,891,teen,https://media.rawg.io/media/games/ccf/ccf26f6e3d553a04f0033a8107a521b8.jpg
68,pillars-of-eternity,Pillars of Eternity,9,2015-03-26,3.96,4,650,571,4,3984,657,,https://media.rawg.io/media/games/789/7896837ec22a83e4007018ddd55e8c9a.jpg
69,rage,Rage,5,2011-10-03,3.42,4,724,699,2,3905,732,mature,https://media.rawg.io/media/games/8a7/8a75028028592f9323d1e6e86668bb91.jpg
70,battlefield-v,Battlefield V,5,2018-11-20,3.52,4,819,590,7,3902,831,mature,https://media.rawg.io/media/games/45b/45b57ed59de4b84effd8f6bc4b7bf515.jpg
71,crysis,Crysis,3,2007-11-12,4.02,4,935,632,2,3867,939,mature,https://media.rawg.io/media/games/90f/90fd5e569bc4c4a666c588a732124908.jpg
72,gears-5,Gears 5,5,2019-09-10,3.95,4,740,650,10,3865,756,,https://media.rawg.io/media/games/121/1213f8b9b0a26307e672cf51f34882f8.jpg
73,sniper-elite-4,Sniper Elite 4,6,2017-02-13,3.58,4,626,626,2,3816,629,mature,https://media.rawg.io/media/games/2fe/2feec1ba840f467a2280061b9e665c6e.jpg
74,slay-the-spire,Slay the Spire,12,2019-01-22,4.38,5,846,286,7,3790,855,,https://media.rawg.io/media/games/f52/f5206d55f918edf8ee07803101106fa6.jpg
75,injustice-2,Injustice 2,7,2017-05-09,3.93,4,843,405,8,3711,852,teen,https://media.rawg.io/media/games/2c8/2c89e43515ed12aee51becc3dcfd8e7e.jpg
76,sunset-overdrive,Sunset Overdrive,3,2014-10-28,3.92,4,640,361,4,3664,645,mature,https://media.rawg.io/media/games/c2e/c2eb6021a2596644b437e943612af25c.jpg
77,battlefield-bad-company-2,Battlefield: Bad Company 2,7,2010-03-02,4.12,4,772,583,2,3536,777,mature,https://media.rawg.io/media/games/e8f/e8f923180ecb9614ec564a15937cfd9e.jpg
78,forza-horizon-5,Forza Horizon 5,12,2021-11-08,4.38,5,445,513,9,3486,457,everyone,https://media.rawg.io/media/games/082/082365507ff04d456c700157072d35db.jpg
79,final-fantasy-xiii,FINAL FANTASY XIII,7,2009-12-17,3.45,4,620,559,1,3478,621,,https://media.rawg.io/media/games/943/9432de383089b0a427a3cdf3687b2b73.jpg
80,outer-wilds,Outer Wilds,3,2019-05-29,4.38,5,564,264,12,3439,578,everyone-10-plus,https://media.rawg.io/media/games/9f4/9f418898f5415668ca47b5f4ab1ecfeb.jpg
81,it-takes-two-2,It Takes Two,9,2021-03-26,4.57,5,813,816,18,3223,838,everyone-10-plus,https://media.rawg.io/media/games/d47/d479582ed0a46496ad34f65c7099d7e5.jpg
82,need-for-speed,Need for Speed,3,2015-11-03,3.35,4,726,373,3,3219,730,teen,https://media.rawg.io/media/games/19a/19a512a8c1293c22894b7364e1405ec1.jpg
83,overcooked-2,Overcooked! 2,4,2018-08-06,4.17,4,645,219,4,3214,653,everyone,https://media.rawg.io/media/games/d11/d11470677a829e34562e95a4002c2c7f.jpg
84,unravel,Unravel,2,2016-02-09,3.95,4,695,441,2,3201,699,everyone,https://media.rawg.io/media/games/cfe/cfe114c081281960bd79ace5209c0a4a.jpg
85,fable-anniversary,Fable Anniversary,4,2014-02-04,4.09,4,494,560,1,3194,496,mature,https://media.rawg.io/media/games/071/0715f91a89d634d9183e2f23c0cb1a98.jpg
86,mirrors-edge-catalyst,Mirror's Edge Catalyst,3,2016-06-07,3.47,4,718,429,9,3180,728,teen,https://media.rawg.io/media/games/257/257c497aa4060f4a697ccbf5e99ec230.jpg
87,need-for-speed-payback,Need for Speed Payback,3,2017-11-07,3.21,3,609,448,6,3129,618,,https://media.rawg.io/media/games/a57/a57e3c73ca46cbf55b526c828e3545c0.jpg
88,tom-clancys-ghost-recon-wildlands-2,Tom Clancy's Ghost Recon Wildlands,18,2017-03-06,3.62,4,596,574,7,3090,603,mature,https://media.rawg.io/media/games/72e/72e0e063c817e90c696b2da3ea78abaa.jpg
89,guardians-of-the-galaxy,Marvel's Guardians of the Galaxy,9,2021-10-26,4.37,5,481,725,13,3043,502,teen,https://media.rawg.io/media/games/708/7080e6c87e0825cb02888bf3c44b3889.jpg
90,dishonored-death-of-the-outsider,Dishonored: Death of the Outsider,9,2017-09-14,4.05,4,496,469,2,3040,499,mature,https://media.rawg.io/media/games/742/74276457ebb9466e11d75a2be7722265.jpg
91,7-days-to-die,7 Days to Die,9,2013-12-13,3.36,4,364,538,2,3036,369,mature,https://media.rawg.io/media/games/5cb/5cbbc5cd24677331c85253f961cad72a.jpg
92,the-evil-within-2,The Evil Within 2,12,2017-10-11,4.14,4,676,463,4,3035,680,mature,https://media.rawg.io/media/games/d5f/d5fd2f970f48d0877a53aec98825faba.jpg
93,deathloop-2,Deathloop,6,2021-09-14,4.13,5,250,528,7,3008,259,mature,https://media.rawg.io/media/games/018/01857c5ff9579c48fa8bd76b4d83a946.jpg
94,fallout-76,Fallout 76,6,2018-11-14,2.79,1,536,386,8,2969,544,mature,https://media.rawg.io/media/games/151/151e79f397328419c64aabe93d9d5a31.jpg
95,my-friend-pedro,My Friend Pedro,2,2019-06-19,3.89,4,637,173,4,2961,642,mature,https://media.rawg.io/media/games/21d/21dfa5f7f5c0fa2b85f418c4e1c6ab1b.jpg
96,gears-of-war,Gears of War,7,2006-11-08,4.12,4,732,647,2,2912,737,mature,https://media.rawg.io/media/games/988/98834d39955e7f15d3717fac438128aa.jpg
97,fable-3,Fable III,8,2010-10-25,3.72,4,630,642,3,2888,633,mature,https://media.rawg.io/media/games/827/8276bc29cdc27752e27802b94aea255e.jpg
98,doom-3,DOOM 3,2,2004-08-03,3.94,4,514,540,1,2873,519,mature,https://media.rawg.io/media/games/3b0/3b01313965c19adc6b6c37a3d9d33576.jpg
99,need-for-speed-heat,Need for Speed Heat,3,2019-11-08,3.23,3,401,190,1,2854,404,teen,https://media.rawg.io/media/games/370/3703c683968a54f09630dcf03366ea35.jpg
100,need-for-speed-rivals,Need for Speed Rivals,2,2013-11-15,3.17,3,600,401,2,2832,602,everyone-10-plus,https://media.rawg.io/media/games/1fa/1fa75f0895240b12fc65cc98ae9649fd.jpg
101,day-of-the-tentacle-remastered,Day of the Tentacle Remastered,3,2016-03-21,3.67,4,356,280,3,2828,360,teen,https://media.rawg.io/media/games/764/7648a8802fae5247298d775c85e9535f.jpg
102,dirt-rally-20,DiRT Rally 2.0,2,2019-02-26,3.54,4,285,334,0,2800,286,,https://media.rawg.io/media/games/8f3/8f306808c45a4dbe0cd698e0b142af08.jpg
103,battlefield-hardline,Battlefield Hardline,3,2015-03-17,3.2,3,589,616,3,2760,594,,https://media.rawg.io/media/games/d2b/d2b33b26e0d61aca35d434c8a69e3711.jpg
104,golf-with-your-friends,Golf With Your Friends,4,2016-01-29,3.83,4,294,304,1,2678,295,everyone-10-plus,https://media.rawg.io/media/screenshots/f5a/f5abab52c4d606551cd5ec3ab709e501.jpg
105,gears-of-war-2,Gears of War 2,22,2008-11-07,4.28,4,649,633,1,2677,652,mature,https://media.rawg.io/media/games/51b/51ba5f9b280c6fec71c293fe276e24ec.jpg
106,moonlighter,Moonlighter,4,2018-05-28,3.76,4,403,338,4,2653,409,everyone-10-plus,https://media.rawg.io/media/games/5c2/5c2b78d4ee2647849d0bfb5d772345c8.jpg
107,quake,Quake,1,1996-06-22,4.24,4,394,445,3,2631,399,,https://media.rawg.io/media/games/3a8/3a82d7f5c90ab082fe475e28d58bee8b.jpg
108,alice-madness-returns,Alice: Madness Returns,3,2011-06-14,4.01,4,476,599,2,2619,481,mature,https://media.rawg.io/media/games/0b5/0b5410b1e4b3fb72696dcefbf4f1cf40.jpg
109,dead-space-3,Dead Space 3,4,2013-02-05,3.63,4,641,519,5,2614,649,mature,https://media.rawg.io/media/games/568/5689c58278e807c1574ceefb8dec026b.jpg
110,conan-exiles,Conan Exiles,9,2017-01-30,2.78,3,406,617,4,2561,410,adults-only,https://media.rawg.io/media/games/c9e/c9e47fd222f631084879d395eee07d66.jpg
111,full-throttle-remastered,Full Throttle Remastered,3,2017-04-17,3.95,4,389,461,3,2551,393,teen,https://media.rawg.io/media/games/ab1/ab1b125c1bf4899c58fe90226b9a1f5b.jpg
112,rage-2,Rage 2,11,2019-05-14,3.25,3,614,524,8,2488,629,mature,https://media.rawg.io/media/games/662/66261db966238da20c306c4b78ae4603.jpg
113,dragon-age-2,Dragon Age 2,14,2011-03-08,3.83,4,725,596,6,2423,736,,https://media.rawg.io/media/games/974/974d08635981db7677630327ce1fe4bb.jpg
114,wasteland-2-directors-cut,Wasteland 2: Director's Cut,6,2015-10-13,3.64,4,298,562,3,2400,302,adults-only,https://media.rawg.io/media/games/4f4/4f4c0c0d2127fd67b1e894204029468b.jpg
115,burnout-paradise,Burnout Paradise,8,2008-01-22,4.08,4,562,377,3,2390,565,everyone-10-plus,https://media.rawg.io/media/games/788/788b80cbc8c39167f7ed6dd89fd398dc.jpg
116,dayz,DayZ,17,2013-12-16,3.03,3,361,380,2,2390,365,mature,https://media.rawg.io/media/games/7d7/7d7c89793578f721df56022c6cf53bb0.jpg
117,costume-quest,Costume Quest,4,2010-10-19,3.45,4,253,458,2,2366,255,teen,https://media.rawg.io/media/screenshots/2b4/2b47c5edfeea2970eeb44d1f8cbd562d.jpg
118,gears-of-war-4,Gears of War 4,0,2016-10-11,3.91,4,624,657,5,2347,632,mature,https://media.rawg.io/media/games/079/079175933a50b2bf202edd6aa17be19c.jpg
119,gears-of-war-3,Gears of War 3,16,2011-09-20,4.2,4,533,644,1,2343,536,mature,https://media.rawg.io/media/games/422/4228842dcfaef2a83bdb14c2a3ca2165.jpg
120,yakuza-kiwami-2,Yakuza Kiwami 2,10,2017-12-07,4.36,5,308,357,6,2312,315,mature,https://media.rawg.io/media/games/b32/b32735e3f7d95959cc39265f555f2aa8.jpg
121,astroneer,ASTRONEER,8,2019-02-06,3.77,4,418,439,1,2248,421,everyone,https://media.rawg.io/media/games/02f/02f775a806c6cd64c28d5aeca928dc76.jpg
122,the-ascent-2,The Ascent,4,2021-07-29,3.31,3,214,580,7,2206,221,mature,https://media.rawg.io/media/games/d68/d68eeda4d2bc89241066056efae8f7c2.jpg
123,crysis-3,Crysis 3,2,2013-02-19,3.69,4,570,551,1,2204,571,mature,https://media.rawg.io/media/games/1c6/1c61ef4ce04bce876841118580b03ccb.jpg
124,fable-ii,Fable II,27,2008-10-21,4.12,4,462,628,2,2198,466,mature,https://media.rawg.io/media/games/cec/cec82d526f9d056d426c985562963eec.jpg
125,state-of-decay-2,State of Decay 2,8,2018-05-22,3.24,3,447,465,3,2185,450,mature,https://media.rawg.io/media/games/20a/20a1892c6dbe9b820a2f0d79f9ed47a2.jpg
126,dragon-ball-fighterz,DRAGON BALL FighterZ,6,2018-01-25,4.12,4,397,468,11,2183,411,,https://media.rawg.io/media/games/96b/96b9420bbd4bd1b79bf2a67f7779733a.jpg
127,halo-5-guardians,Halo 5: Guardians,0,2015-10-27,3.75,4,502,419,3,2180,508,teen,https://media.rawg.io/media/games/77f/77fb27e5b7ec6984f43a70a289376e6a.jpg
128,crysis-2,Crysis 2,12,2011-03-22,3.82,4,613,609,2,2177,615,mature,https://media.rawg.io/media/games/899/899ce332d07c3fc1dd924bf828d1f484.jpg
129,dirt-5,DiRT 5,2,2020-11-06,3.25,4,190,594,3,2125,193,,https://media.rawg.io/media/games/9c7/9c7dd09596246993169b356d7c1facf0.jpg
130,wreckfest,Wreckfest,3,2018-06-14,3.69,4,296,330,1,2113,298,teen,https://media.rawg.io/media/games/ff2/ff2315fb895502efcbd40f1e5f37c170.jpg
131,psychonauts-2,Psychonauts 2,10,2021-08-24,4.39,5,248,441,8,2111,257,teen,https://media.rawg.io/media/games/c3c/c3c536cc4d32623ba928020dfd39a648.jpg
132,gang-beasts,Gang Beasts,2,2014-08-29,3.89,4,310,243,4,2110,315,,https://media.rawg.io/media/screenshots/160/160f894fc774f4cc51a99f435abadd4e.jpg
133,my-time-at-portia,My Time At Portia,5,2019-01-14,3.52,4,244,373,1,2081,246,everyone-10-plus,https://media.rawg.io/media/games/176/1765390b699b432edc3a208d544c6ba0.jpg
134,back-4-blood,Back 4 Blood,5,2021-10-07,3.27,3,213,549,6,2077,221,mature,https://media.rawg.io/media/games/4fe/4feffcec6315c5f5a96442a8444431ca.jpg
135,outriders,Outriders,19,2021-04-01,3.37,3,245,1016,7,2013,255,mature,https://media.rawg.io/media/games/faa/faa6a4a7a2e57faf2960329630aee211.jpg
136,star-wars-squadrons,Star Wars: Squadrons,3,2020-10-02,3.22,4,202,432,3,2001,206,teen,https://media.rawg.io/media/games/b19/b191ff2b8ccb646d1d2d9297ed5c7e89.jpg
137,contrast,Contrast,4,2013-11-15,3.31,4,278,569,1,1993,279,,https://media.rawg.io/media/games/5f2/5f25cf08217b40b9d8f02f95db1fdc1d.jpg
138,anthem,Anthem,0,2019-02-22,2.64,3,468,629,6,1978,474,teen,https://media.rawg.io/media/games/cc4/cc43daf431c44420c7f602025d250fb1.jpg
139,superliminal,Superliminal,3,2019-11-12,4.15,4,328,200,7,1939,337,,https://media.rawg.io/media/screenshots/fb1/fb1fe0f084f38788e176a155e3cec07a.jpg
140,maneater,Maneater,4,2020-05-22,3.45,4,181,502,1,1929,182,mature,https://media.rawg.io/media/games/895/8951013b8ace2d652727df2f9023cbb8.jpg
141,nuclear-throne,Nuclear Throne,5,2015-12-04,4.02,4,266,354,0,1926,267,,https://media.rawg.io/media/screenshots/a2d/a2de25bcbcb0b4f0b015b644534597c4.jpg
142,wolfenstein-youngblood,Wolfenstein: Youngblood,5,2019-07-26,2.64,3,358,159,6,1922,369,mature,https://media.rawg.io/media/games/c64/c64d2f63cabeab9126693b7d39539c8d.jpg
143,the-walking-dead-a-new-frontier,The Walking Dead: A New Frontier,9,2016-12-19,3.6,4,513,602,0,1856,516,,https://media.rawg.io/media/games/f0a/f0a65d7d9c4534f8f4897f9d161307ed.jpg
144,yakuza-7,Yakuza: Like a Dragon,17,2020-01-16,4.32,5,206,675,8,1842,218,mature,https://media.rawg.io/media/games/a59/a5993b9f84944570a31cb6ad08bfe502.jpg
145,we-happy-few,We Happy Few,4,2018-08-09,3.19,3,310,550,2,1834,312,mature,https://media.rawg.io/media/games/537/537974990a025a3edcbe91e408e85fbc.jpg
146,teenage-mutant-ninja-turtles-shredders-revenge,Teenage Mutant Ninja Turtles: Shredder's Revenge,3,2022-06-16,4.11,4,178,263,2,1785,183,,https://media.rawg.io/media/games/aac/aac683272f862540a18625f02f5f3679.jpg
147,house-flipper,House Flipper,6,2018-05-16,3.85,4,228,234,0,1763,231,everyone,https://media.rawg.io/media/screenshots/9f9/9f9ab5676c4f7d21c3f29165ef6dda2c.jpg
148,final-fantasy-xiii-2,FINAL FANTASY XIII-2,4,2011-12-15,3.56,4,261,588,1,1744,262,,https://media.rawg.io/media/games/c6f/c6fc62de480c614fed2b88df0155cdcd.jpg
149,acid-nerve-deaths-door,Death's Door,5,2021-07-20,4.26,4,234,353,9,1739,245,everyone-10-plus,https://media.rawg.io/media/games/a3e/a3ea71c18e81d54ebaf982dadb9a8738.jpg
150,supraland,Supraland,5,2019-04-05,3.92,4,141,335,2,1701,144,,https://media.rawg.io/media/games/b62/b62581b3e5d0c65268fb33c62865e5df.jpg
151,halo-spartan-assault,Halo: Spartan Assault,2,2013-07-18,3.07,3,206,566,0,1692,206,,https://media.rawg.io/media/games/93f/93f10d635566ff67e4f743c2c8f2c4dd.jpg
152,wasteland-3,Wasteland 3,8,2020-08-28,4.05,4,212,645,2,1684,218,teen,https://media.rawg.io/media/games/370/370a4cbcfa75e5238ee8f74bf323694d.jpg
153,donut-county,Donut County,2,2018-08-27,3.98,4,420,231,12,1677,433,everyone-10-plus,https://media.rawg.io/media/games/035/035b7bd6d015e07e501d2234ec629dc3.jpg
154,dantes-inferno,Dante's Inferno,23,2010-02-05,3.92,4,368,637,2,1666,373,mature,https://media.rawg.io/media/games/cdd/cdd4b6cf03ac7ebf7460b0d82f9aaa09.jpg
155,danganronpa-trigger-happy-havoc,Danganronpa: Trigger Happy Havoc,9,2010-11-25,4.29,4,344,289,4,1624,350,mature,https://media.rawg.io/media/games/2fb/2fb35e31727f7ebc1f00bf998d0e22a7.jpg
156,tunic,Tunic,4,2022-03-16,4.06,4,139,281,3,1609,143,everyone,https://media.rawg.io/media/games/2c1/2c1984e128ac48b89953ed4de4904a3b.jpg
157,clustertruck,ClusterTruck,2,2016-09-26,3.8,4,266,197,3,1591,272,,https://media.rawg.io/media/screenshots/4f8/4f8fdcafd22e1e2c252b7b3a0d39ddef.jpg
158,tetris-effect-connected,Tetris Effect: Connected,2,2020-11-10,4.18,4,187,37,1,1574,188,everyone,https://media.rawg.io/media/games/377/3770f2c7020bcb6cc2072f073f27fb4c.jpg
159,battletoads,Battletoads,3,1991-06-01,3.9,4,269,253,2,1566,271,,https://media.rawg.io/media/games/470/47058af09b864c2d211a08271eccfb4f.jpg
160,thehunter-call-of-the-wild,theHunter: Call of the Wild,4,2017-02-16,3.45,4,167,397,2,1534,170,teen,https://media.rawg.io/media/games/e6f/e6fed89f004972a1967e181fe63e78b0.jpg
161,skate-3,Skate 3,9,2010-05-11,4.13,4,279,482,1,1493,280,teen,https://media.rawg.io/media/games/122/1222277df1e3a000327b65d9ca45126a.jpg
162,unpacking-2,Unpacking,3,2021-11-02,4.02,4,277,70,4,1490,285,,https://media.rawg.io/media/games/c11/c1118fbcfd846c631ecb7646f8efc780.jpg
163,pikuniku-2,Pikuniku,3,2019-01-03,3.92,4,187,83,4,1488,191,,https://media.rawg.io/media/games/f26/f26800fe9d6aba33fed9b81195b12728.jpg
164,gears-tactics,Gears Tactics,7,2020-04-28,3.91,4,176,702,3,1431,182,adults-only,https://media.rawg.io/media/games/c36/c366f32194f488b2d04c0ec086c2cc3d.jpg
165,bejeweled-3,Bejeweled 3,3,2010-12-07,3.52,4,141,176,0,1404,141,everyone-10-plus,https://media.rawg.io/media/screenshots/0a0/0a0561997da0dc86fcdebf1249bf0043.jpg
166,forager,Forager,7,2016-12-14,4.03,4,172,172,0,1400,174,,https://media.rawg.io/media/screenshots/467/467ec166bdb3c8f8232e205047194dba.jpg
167,fifa-21,FIFA 21,9,2020-10-06,3.24,4,206,516,2,1374,208,,https://media.rawg.io/media/games/df4/df415b18835f91a1b4db1da294996ee5.jpg
168,banjo-kazooie,Banjo-Kazooie,2,1998-05-31,4.21,5,297,654,0,1374,297,everyone,https://media.rawg.io/media/screenshots/f0d/f0da831778e57b58636ccaf20a7cc6e6.jpg
169,recore-definitive-edition-2,ReCore: Definitive Edition,4,2017-08-29,3.27,3,93,666,1,1367,94,,https://media.rawg.io/media/games/d76/d76bd51161884d729ceac7e98eacde80.jpg
170,torment-tides-of-numenera,Torment: Tides of Numenera,3,2017-02-27,3.62,4,187,629,3,1343,192,,https://media.rawg.io/media/games/570/5705f063e549547b22db00b643619388.jpg
171,battlefield-bad-co,Battlefield: Bad Company,1,2008-06-23,3.94,4,269,569,1,1336,272,teen,https://media.rawg.io/media/games/aeb/aeb33772a46dfe88fa9bd2f93068c91c.jpg
172,ea-sports-ufc-3,EA SPORTS UFC 3,0,2018-02-02,3.59,4,291,139,0,1312,291,teen,https://media.rawg.io/media/screenshots/abf/abf78bfd9fbe3ae9deef030510ec9fa7_DuTr1td.jpg
173,gears-of-war-judgment,Gears of War: Judgment,11,2013-03-19,3.57,4,304,535,0,1311,305,mature,https://media.rawg.io/media/games/4c5/4c53a1916628cb0dfd47b812955c194d.jpg
174,plants-vs-zombies-garden-warfare-3,Plants vs Zombies Garden Warfare,3,2014-02-25,3.35,3,155,573,1,1294,156,everyone-10-plus,https://media.rawg.io/media/games/9cd/9cddf72caf9ca14267121975270149dd.jpg
175,project-octopath-traveler,Octopath Traveler,6,2018-07-13,3.88,4,259,564,7,1290,269,,https://media.rawg.io/media/games/e23/e2345c839b323a94b6811705fda5af73.jpg
176,scarlet-nexus,Scarlet Nexus,9,2021-06-25,3.59,4,129,1038,4,1288,133,teen,https://media.rawg.io/media/games/27c/27cb94ed1763fec383fb99151580095a.jpg
177,doom-2,DOOM,0,1993-12-10,4.39,5,685,400,4,1271,692,mature,https://media.rawg.io/media/games/47b/47b50d880be8453bf9cda6e5c007bc26.jpg
178,snowrunner,SnowRunner,6,2020-04-28,4.0,4,198,535,3,1243,203,everyone,https://media.rawg.io/media/games/d22/d22ea1bfb636fbf1a9c235cc304312a8.jpg
179,neon-abyss,Neon Abyss,4,2020-07-13,3.39,4,102,449,1,1240,103,,https://media.rawg.io/media/games/977/97759451a8b0fcb16ac9357c24140008.jpg
180,grounded-2,Grounded,4,2022-09-27,3.92,4,131,272,2,1213,134,teen,https://media.rawg.io/media/games/0d7/0d7b7a687bf665b61337904193c56855.jpg
181,f1-2020,F1 2020,6,2020-07-10,3.63,4,94,87,0,1202,94,everyone,https://media.rawg.io/media/games/cd6/cd64ec71d501de0eb32f6b1f50e4c060.jpg
182,mortal-shell,Mortal Shell,3,2020-08-18,3.41,4,145,481,7,1194,154,mature,https://media.rawg.io/media/games/0b3/0b32976c5406a0a646cfc4cdc2297b17.jpg
183,breathedge,Breathedge,4,2021-02-25,3.79,4,219,433,0,1188,222,teen,https://media.rawg.io/media/games/ef8/ef853efdaf6778ca731eec21d1d7d0d7.jpg
184,tropico-6,Tropico 6,4,2019-03-28,3.77,4,120,356,1,1183,121,everyone,https://media.rawg.io/media/games/5d5/5d5da5167163cc75f77b4c6b15ae865b.jpg
185,bridge-constructor-portal,Bridge Constructor Portal,3,2017-12-19,3.68,4,194,170,2,1155,197,everyone-10-plus,https://media.rawg.io/media/games/cc2/cc2a1f137e7166adebe419cbcc86d207.jpg
186,yakuza-6,Yakuza 6: The Song of Life,15,2016-04-17,4.39,5,162,561,6,1150,170,mature,https://media.rawg.io/media/games/e35/e355efef97722d50bec3482a2263b962.jpg
187,descenders,Descenders,2,2019-05-07,3.42,4,106,272,0,1126,106,everyone,https://media.rawg.io/media/screenshots/b9f/b9f558ec74f8519b7fa325175c0a65b0.jpg
188,rare-replay,Rare Replay,0,2015-08-04,3.7,4,168,457,1,1111,169,,https://media.rawg.io/media/screenshots/369/3696ff49a604521d3c0ba70c832ee42b.jpg
189,crackdown-3,Crackdown 3,0,2019-02-15,2.87,3,258,518,3,1073,262,mature,https://media.rawg.io/media/games/223/2236a6f4f479eed103d2d11addabb235.jpg
190,peggle-2,Peggle 2,4,2013-12-09,3.7,4,162,331,1,1069,164,,https://media.rawg.io/media/screenshots/946/94683098e0befd482e5c890bd03cda26.jpg
191,totally-accurate-battle-simulator,Totally Accurate Battle Simulator,2,2021-04-01,3.7,4,178,473,1,1069,179,,https://media.rawg.io/media/screenshots/82a/82a9e2b7caf052d0f140b70e350cf184.jpg
192,viva-pinata,Viva Piñata,34,2007-10-30,3.55,4,152,478,2,1066,154,everyone,https://media.rawg.io/media/screenshots/001/001003a4a5f2fd8d2c8c3949592c34cf.jpg
193,monster-train,Monster Train,7,2020-05-20,4.11,4,94,348,0,1052,94,,https://media.rawg.io/media/screenshots/3f5/3f58a7b2a2b290994eb798eb72ca3fb2.jpg
194,a-plague-tale-requiem,A Plague Tale: Requiem,4,2022-10-17,4.09,5,54,292,1,1047,57,mature,https://media.rawg.io/media/games/cd0/cd074f3f6045297cda9ad077273c09b6.jpg
195,serious-sam-4-planet-badass,Serious Sam 4,4,2020-09-24,3.2,4,148,382,1,1031,153,,https://media.rawg.io/media/games/6de/6de6fc22dcf802a549be5a41fabc84a9.jpg
196,forgotten-city,The Forgotten City,6,2021-07-28,4.26,5,151,242,3,1017,155,teen,https://media.rawg.io/media/games/6e9/6e9136f09bb9daaaed5a0e6d508028b4.jpg
197,medal-of-honor-airborne-2,Medal of Honor: Airborne,2,2007-10-06,3.72,4,232,618,0,991,232,teen,https://media.rawg.io/media/games/0d4/0d4508d6383dd6c63256b41f0aa35e6b.jpg
198,weird-west,Weird West,5,2022-03-31,3.82,4,88,365,2,984,91,mature,https://media.rawg.io/media/games/3ca/3ca6130eabf2e05275859166eaf5c66b.jpg
199,powerwash-simulator,PowerWash Simulator,10,2020-04-03,3.98,5,48,360,1,968,50,,https://media.rawg.io/media/games/659/65959a07c4e6dc7a9034993bbb3ba232.jpg
200,max-the-curse-of-brotherhood,Max: The Curse of Brotherhood,2,2013-12-20,3.49,4,148,386,1,961,150,,https://media.rawg.io/media/screenshots/53a/53a98929b8c944db6522487896fd9264.jpg
201,super-luckys-tale,Super Lucky's Tale,2,2017-11-07,3.38,4,190,327,0,958,192,,https://media.rawg.io/media/screenshots/47a/47af3dafc5ec388085d3e7902b627b9c.jpg
202,paradise-killer,Paradise Killer,4,2020-09-03,4.03,5,36,227,0,950,36,mature,https://media.rawg.io/media/screenshots/9ed/9ed9f5e3c1ac7f70c778f0880a906c46.jpg
203,fifa-22-xbox-one,FIFA 22,11,2021-09-27,3.38,4,131,238,1,949,133,everyone,https://media.rawg.io/media/games/355/355d2ec5d6b87518228dc30a9bb0e70d.jpg
204,trailmakers,Trailmakers,3,2020-05-21,3.36,4,59,359,0,946,59,,https://media.rawg.io/media/screenshots/885/885a7caffb0899f083f095502c968e7d.jpg
205,ssx,SSX,17,2012-02-28,3.48,4,156,439,1,937,157,everyone-10-plus,https://media.rawg.io/media/games/566/566c25b3814c8b35bce7375e22d11748.jpg
206,sea-of-solitude,Sea of Solitude,2,2019-07-05,3.27,3,135,251,3,935,139,teen,https://media.rawg.io/media/games/22a/22a3b2ddb5b344b1081cc28768f8ac84.jpg
207,bugsnax,Bugsnax,5,2020-11-12,3.6,4,123,464,3,933,126,everyone-10-plus,https://media.rawg.io/media/games/313/3137f0b7fb36b53e34abcde6e7607909.jpg
208,battlefield-1943,Battlefield 1943,1,2009-07-08,3.76,4,156,539,0,926,156,teen,https://media.rawg.io/media/games/3fb/3fb4cecfa42d7cdf98dabb59bb42925e.jpg
209,kill-it-with-fire-2,Kill It With Fire,2,2020-08-13,3.39,4,35,79,0,910,36,teen,https://media.rawg.io/media/screenshots/a96/a96ccd1d451aef96be6ca1f1fe12134c.jpg
210,perfect-dark,Perfect Dark,10,2000-05-22,3.93,5,165,391,1,908,166,mature,https://media.rawg.io/media/games/f62/f62d090119e5ff05c59036480123fd83.jpg
211,lonely-mountains-downhill,Lonely Mountains: Downhill,2,2019-10-23,3.62,4,147,302,2,893,149,,https://media.rawg.io/media/screenshots/dc7/dc7beb9bf6abd3ba6c42651de50a5435.jpg
212,the-bards-tale-iv-directors-cut,The Bard's Tale IV: Director's Cut,3,2019-08-27,3.09,3,46,460,0,882,46,,https://media.rawg.io/media/screenshots/7d3/7d344d279e529e78b445ebdc4b573d0c.jpg
213,costume-quest-2,Costume Quest 2,5,2014-10-07,3.78,4,93,416,0,866,93,everyone-10-plus,https://media.rawg.io/media/screenshots/7d9/7d9ce4933d93667a64d9d62cadd3e6a4.jpg
214,peggle,Peggle,2,2007-02-27,3.91,4,161,231,0,860,162,everyone,https://media.rawg.io/media/screenshots/ea8/ea82ea0e91daeafd6b98d22166c0913b.jpg
215,halo-wars-definitive-edition,Halo Wars: Definitive Edition,3,2017-04-20,3.67,4,143,533,1,836,144,,https://media.rawg.io/media/games/b9a/b9a85da19ba361e20bfb39404f74f800.jpg
216,scorn-episode-one,Scorn,3,2022-10-14,3.47,4,66,434,1,827,68,,https://media.rawg.io/media/games/f8c/f8cc3b4834259f8a812ce77804bc12ed.jpg
217,sniper-elite-5,Sniper Elite 5,8,2022-05-25,3.55,4,47,651,0,826,47,rating-pending,https://media.rawg.io/media/games/3e0/3e09bb71ce82dad515df4982a2466e67.jpg
218,monster-sanctuary,Monster Sanctuary,3,2020-12-08,3.5,3,36,209,0,816,36,,https://media.rawg.io/media/screenshots/32e/32edbec542dceb12ddf0d868e0a42dbd.jpg
219,genesis-noir,Genesis Noir,2,2021-03-26,3.68,4,50,472,0,811,50,,https://media.rawg.io/media/games/dec/decdfa154a72265cd2914097666a99d5.jpg
220,art-of-rally,art of rally,2,2020-09-23,3.34,3,101,202,2,805,105,,https://media.rawg.io/media/games/f9a/f9a3b8c9d6ae61e29bd45782040d2c7e.jpg
221,perfect-dark-zero,Perfect Dark Zero,2,2010-06-01,3.03,3,102,443,1,804,103,mature,https://media.rawg.io/media/games/0d5/0d555bec9338aa4f4035fe664e9dc10f.jpg
222,road-96,Road 96,6,2021-08-16,3.95,4,126,490,1,800,128,teen,https://media.rawg.io/media/games/61e/61ec0844a59c04cb0b2d2545e464e026.jpg
223,trek-to-yomi,Trek to Yomi,2,2022-05-05,3.52,4,95,419,4,797,99,,https://media.rawg.io/media/games/bc5/bc53067cffecb71129fcb0b4fbf0e922.jpg
224,halo-wars-2,Halo Wars 2,0,2017-02-21,3.82,4,163,591,2,784,165,teen,https://media.rawg.io/media/games/7da/7da8472b0003bd6fc435302ea4e3deb7.jpg
225,banjo-kazooie-n-n-b,Banjo Kazooie: N n B,0,2008-11-11,3.22,4,117,632,0,774,117,everyone-10-plus,https://media.rawg.io/media/screenshots/fe9/fe9e851aa9576411b6349cf74c254fb6.jpg
226,i-am-fish,I Am Fish,2,2021-09-16,3.22,4,45,296,0,768,45,teen,https://media.rawg.io/media/games/deb/debed1495adeac69fd5f0be501ecae35.jpg
227,telling-lies,Telling Lies,4,2019-08-23,3.64,4,117,273,3,766,121,mature,https://media.rawg.io/media/games/d96/d965a8355c3165cf4698e1b3fdb5dd3a.jpg
228,kameo,Kameo,0,2009-08-11,3.14,3,93,374,0,742,93,teen,https://media.rawg.io/media/screenshots/ab9/ab909eb012c4f69e0a5cab42bbe7851f.jpg
229,secret-neighbor,Secret Neighbor,5,2019-10-23,3.21,3,32,249,0,731,33,everyone-10-plus,https://media.rawg.io/media/games/ae1/ae1d93f1c29850a246cd6480a7b8ebdf.jpg
230,disneyland-adventures,Disneyland Adventures,1,2017-10-31,2.5,1,94,473,0,728,94,everyone-10-plus,https://media.rawg.io/media/games/f9c/f9c8171193011119bc83c7ea13a23442.jpg
231,coffee-talk,Coffee Talk,4,2020-01-28,3.72,4,78,181,1,728,79,teen,https://media.rawg.io/media/games/100/100c1787b05ac9151b82a118bc997f97.jpg
232,the-pedestrian,The Pedestrian,2,2020-01-29,4.17,4,100,265,2,725,104,everyone,https://media.rawg.io/media/screenshots/789/789144172022eb539a9fe76e5ca61527.jpg
233,the-artful-escape,The Artful Escape,4,2021-09-09,4.12,4,95,178,4,711,99,everyone-10-plus,https://media.rawg.io/media/games/d3e/d3ee2d7653cf9d4640335ff7a471ab07.jpg
234,project-wingman,Project Wingman,2,2020-11-30,4.0,4,20,355,0,708,20,,https://media.rawg.io/media/games/28a/28a5010a07b9104a91c6de5059a7fe69.jpg
235,nobody-saves-the-world,Nobody Saves the World,5,2022-01-17,3.84,4,72,287,1,708,74,teen,https://media.rawg.io/media/games/b44/b448c0725eb490dda9cfb23b826da68a.jpg
236,skul-the-hero-slayer,Skul: The Hero Slayer,3,2021-01-21,3.51,4,92,259,0,702,92,,https://media.rawg.io/media/games/4f0/4f0a1619ca566080c9f3bb1e813bd6f6.jpg
237,zombie-army-dead-war-4,Zombie Army 4: Dead War,7,2020-02-04,3.39,4,81,264,2,700,83,mature,https://media.rawg.io/media/games/c70/c7070c9ee7e1d4493feb446dd7a10309.jpg
238,totally-reliable-delivery-service,Totally Reliable Delivery Service,1,2020-04-01,2.85,3,105,197,1,693,106,everyone,https://media.rawg.io/media/screenshots/253/25378cb362ba095ccc1062fed2136ede.jpg
239,zumas-revenge,Zuma's Revenge!,2,2009-09-15,3.82,4,107,360,0,683,107,everyone,https://media.rawg.io/media/screenshots/3eb/3eb918422509a15405e723cf18cddc34.jpg
240,fe,Fe,2,2018-02-16,3.06,3,116,296,4,661,120,everyone,https://media.rawg.io/media/games/80a/80a336506a4bd7921ea6f3f81ef7d98d.jpg
241,fight-night-champion,FIGHT NIGHT CHAMPION,0,2010-04-26,4.0,4,122,329,2,646,124,mature,https://media.rawg.io/media/games/907/9072a603448c13e1223b53dcc8019cca.jpg
242,viva-pinata-tip,Viva Piñata: TIP,0,2010-07-15,3.22,3,77,323,2,637,79,everyone,https://media.rawg.io/media/screenshots/81e/81e17d5b2a1cb89835234fe2d28950bd.jpg
243,doom-64,Doom 64,2,1997-03-31,3.96,4,88,329,0,636,89,mature,https://media.rawg.io/media/screenshots/f7a/f7a19f45bbe8dfb2960ce167ad879d3e.jpg
244,crown-trick,Crown Trick,3,2020-10-16,3.5,4,22,375,0,635,22,,https://media.rawg.io/media/games/d94/d9406db56b580415379a33d3a16c66e0.jpg
245,aliens-fireteam,Aliens: Fireteam Elite,7,2021-08-23,2.88,3,54,403,4,625,58,,https://media.rawg.io/media/games/bb8/bb8a1de04cf151b55bcb9b5a38ba9a0b.jpg
246,lawn-mowing-simulator,Lawn Mowing Simulator,2,2021-08-10,3.38,4,16,382,0,615,16,everyone-10-plus,https://media.rawg.io/media/screenshots/643/643a3dd6aba644d35f2c6476ce10ef60.jpg
247,neoverse-2,NEOVERSE,1,2019-01-09,3.03,4,31,462,0,612,31,,https://media.rawg.io/media/games/75a/75a24fe7a7c5d421f4077dcce8962b11.jpg
248,crysis-remastered,Crysis Remastered,2,2020-09-18,3.25,3,77,343,0,604,77,mature,https://media.rawg.io/media/games/3e4/3e42278fa5e9a85f4cd3d3ed4355a9f2.jpg
249,zuma,Zuma,0,2003-12-03,3.83,4,120,362,1,604,121,everyone-10-plus,https://media.rawg.io/media/screenshots/593/5936a7fb9b53cd38341957cbf03be625.jpg
250,embr,Embr,2,2020-05-21,3.07,3,14,178,0,601,15,everyone-10-plus,https://media.rawg.io/media/screenshots/f3c/f3c3687da806da7769cea303467d5a79.jpg
251,banjo-tooie,Banjo-Tooie,2,2000-11-20,4.03,4,118,778,1,581,119,everyone,https://media.rawg.io/media/screenshots/84d/84d128e39e3d57a040c1ae21607135bb.jpg
252,new-super-luckys-tale,New Super Lucky's Tale,4,2019-11-08,3.79,4,60,251,2,580,62,everyone,https://media.rawg.io/media/screenshots/880/880ca9c8cb5b3270c719c0202f27f2a7.jpg
253,chivalry-2,Chivalry 2,4,2021-06-08,3.67,4,32,420,1,560,33,adults-only,https://media.rawg.io/media/screenshots/d3e/d3ed3ab5f11f8f6294dd561c16dccdf8.jpg
254,rocket-arena-2,Rocket Arena,2,2020-07-13,2.13,1,58,527,2,554,60,teen,https://media.rawg.io/media/games/69d/69d984a5952c3f471792abf19606533f.jpg
255,f1-2021,F1 2021,15,2021-07-16,3.93,4,42,82,0,544,42,everyone,https://media.rawg.io/media/games/882/8820b0bc5ec9c135aca22389d105b566.jpg
256,as-dusk-falls,As Dusk Falls,7,2022-07-19,3.98,4,63,268,1,523,66,mature,https://media.rawg.io/media/games/0eb/0eb6673637d877b09a9a1f9aa6e25db4.jpg
257,lost-in-random,Lost in Random,2,2021-09-10,3.6,4,26,587,4,516,30,everyone-10-plus,https://media.rawg.io/media/games/f7e/f7ed6cf588d66eab5bb3872dc1ddcd78.jpg
258,chorus,Chorus,2,2021-12-02,3.55,4,43,250,1,513,44,teen,https://media.rawg.io/media/games/656/656bf6751565fe441af18db27be92b12.jpg
259,the-riftbreaker,The Riftbreaker,5,2021-10-14,3.93,4,57,548,2,508,59,,https://media.rawg.io/media/games/97d/97d257af0b770c67c92b523f8900c783.jpg
260,exo-one,Exo One,2,2021-11-18,3.64,4,71,169,0,497,72,,https://media.rawg.io/media/games/d9f/d9f967e0abfd90eaece03c36d4bb5878.jpg
261,far-changing-tides,FAR: Changing Tides,4,2022-03-01,3.76,4,62,370,1,494,63,,https://media.rawg.io/media/games/d70/d70084559f41e7a7d4b1cc441c163763.jpg
262,empire-of-sin,Empire of Sin,6,2020-12-01,2.81,3,42,175,0,484,42,mature,https://media.rawg.io/media/games/7a5/7a578aecba92b011053b66ac79e73703.jpg
263,skatebird,SkateBIRD,1,2021-09-16,1.94,1,50,179,2,483,52,teen,https://media.rawg.io/media/screenshots/687/687dba2775a86b54ec90b32005857135.jpg
264,cooking-simulator,Cooking Simulator,3,2019-06-05,3.85,4,59,369,1,481,60,,https://media.rawg.io/media/screenshots/a85/a85692b735a17d9b5996ac393924b5a9.jpg
265,bleeding-edge,Bleeding Edge,2,2020-03-24,2.71,3,81,279,2,470,83,teen,https://media.rawg.io/media/games/8b1/8b17ae36874ae78206449810ffecc180.jpg
266,jetpac-refuelled,Jetpac Refuelled,0,2010-01-04,2.5,3,42,302,0,462,42,everyone,https://media.rawg.io/media/games/ddd/ddda5ad6ac893b453dfc6fc2cd1525ff.jpg
267,solasta-crown-of-the-magister,Solasta: Crown of the Magister,5,2021-05-27,3.33,4,34,296,2,459,36,,https://media.rawg.io/media/games/1d6/1d65bc7a33b90263aae066abe32b5754.jpg
268,aragami-2,Aragami 2,3,2021-09-17,3.25,3,55,365,1,453,57,mature,https://media.rawg.io/media/games/0d4/0d483b51813737f40163c501ed123cb5.jpg
269,two-point-campus,Two Point Campus,7,2022-08-09,3.6,4,15,138,0,438,15,teen,https://media.rawg.io/media/games/bde/bdedc180d7e2bca40fd105980d74b452.jpg
270,feeding-frenzy,Feeding Frenzy,0,2004-02-11,3.0,3,50,188,1,436,51,everyone,https://media.rawg.io/media/screenshots/4ad/4ad2befeb01eb322d4594e5268a16067.jpg
271,midnight-fight-express,Midnight Fight Express,2,2022-08-23,3.47,4,29,117,1,428,30,,https://media.rawg.io/media/games/cd2/cd28a066e3a8d602e1ebbff8111fd10a.jpg
272,edge-of-eternity,Edge of Eternity,2,2018-12-05,3.18,4,27,589,0,403,28,,https://media.rawg.io/media/games/295/2959ee1a7bb55a7258cc5406b91c50bc.jpg
273,heavy-weapon,Heavy Weapon,0,2008-01-01,2.81,4,43,357,0,394,43,teen,https://media.rawg.io/media/screenshots/f70/f70b50b640d876961a2da13020d4c77d_w2hIBYR.jpg
274,jurassic-world-evolution-2-2,Jurassic World Evolution 2,3,2021-11-09,3.38,3,21,272,0,384,21,teen,https://media.rawg.io/media/games/647/64797fe9358aa3c7ddc4ff36f89e4382.jpg
275,backbone,Backbone,5,2021-06-08,3.47,4,58,246,1,381,59,,https://media.rawg.io/media/games/639/63907c46573df93d2d2f65e9fff4f284.jpg
276,lake,Lake,3,2021-09-01,3.37,3,66,261,2,373,68,mature,https://media.rawg.io/media/games/273/27334516074f7b017a128b187e20b8a5.jpg
277,bejeweled-2,Bejeweled 2,2,2004-11-05,3.38,4,52,157,0,371,52,everyone,https://media.rawg.io/media/screenshots/d52/d52a59d2304947b2be1e3a9989e25bed.jpg
278,grid-legends,GRID Legends,3,2022-02-25,3.35,4,19,272,0,355,20,everyone-10-plus,https://media.rawg.io/media/games/8cb/8cbf9a1735ae48b70b9aba5f82ab56da.jpg
279,naraka-bladepoint,Naraka Bladepoint,5,2021-08-11,3.22,4,27,676,0,353,27,,https://media.rawg.io/media/games/75e/75e95dc8d5b290f6875062af6b35fb59.jpg
280,disc-room-2,Disc Room,2,2020-10-22,3.67,4,44,178,1,336,45,,https://media.rawg.io/media/games/f88/f88d992e78f533684f1965bee823f062.jpg
281,farming-simulator-22,Farming Simulator 22,6,2021-11-22,3.44,4,18,406,0,333,18,everyone,https://media.rawg.io/media/games/dd9/dd90964966f6bf9b0bd635be432fbf8a.jpg
282,immortality,Immortality,6,2022-08-29,4.38,5,21,373,0,316,21,,https://media.rawg.io/media/games/7df/7df4efb7075152f421edbf651f3a9c0c.jpg
283,screamride,ScreamRide,0,2015-02-16,2.74,3,39,473,0,306,39,everyone-10-plus,https://media.rawg.io/media/screenshots/da0/da015745ca82dff413d419e3783da7a0.jpg
284,shredders,Shredders,4,2022-03-17,2.62,3,23,98,0,293,24,,https://media.rawg.io/media/games/33a/33ae2d5494b41bd5703dee6bd185b270.jpg
285,dreamscaper-2,Dreamscaper,2,2021-08-05,3.4,4,30,530,0,289,30,everyone-10-plus,https://media.rawg.io/media/games/785/78596308d98b093b05d54f6f1df48053.jpg
286,escape-academy,Escape Academy,4,2022-07-13,4.0,4,19,306,2,287,21,,https://media.rawg.io/media/games/046/046a0d88df42efb3a5c080af9ad91e65.jpg
287,tinykin,Tinykin,4,2022-08-29,4.19,5,24,193,1,286,26,,https://media.rawg.io/media/games/2a3/2a35da986abc10082c27c3d230ccf1e1.jpg
288,a-memoir-blue,A Memoir Blue,3,2022-03-24,3.5,4,37,253,1,257,38,,https://media.rawg.io/media/games/ec2/ec2eabf6162f34565d2fc02befe371be.jpg
289,madden-nfl-21,Madden NFL 21,3,2020-08-25,2.4,1,28,448,2,251,30,everyone,https://media.rawg.io/media/games/151/151207c420827db4645b4f675e4c2fc5.jpg
290,mechwarrior-5-mercenaries,MechWarrior 5: Mercenaries,5,2019-12-10,3.19,4,26,279,0,251,27,,https://media.rawg.io/media/games/ba2/ba27ddbd28606e4ef8f694298c0fd67f.jpg
291,recompile,Recompile,2,2021-08-19,2.83,3,24,315,0,247,24,,https://media.rawg.io/media/screenshots/b6c/b6c21a9548977e34ea62fde1d6ea5612.jpg
292,you-suck-at-parking,You Suck at Parking,15,2022-09-14,3.3,4,10,39,0,245,10,everyone,https://media.rawg.io/media/screenshots/ccb/ccb8e9ca457b2a41e9f27bcc1f02f5a3.jpg
293,citizen-sleeper,Citizen Sleeper,6,2022-05-05,4.12,5,16,318,0,240,16,teen,https://media.rawg.io/media/games/391/391954934d459b8fe78d87a8a68c71c6.jpg
294,ea-sports-rory-mcilroy-pga-tour,EA SPORTS Rory McIlroy PGA TOUR,0,2015-07-14,3.37,4,29,447,1,236,30,everyone,https://media.rawg.io/media/screenshots/303/303f2a0379cbb7ad7ee33e3f6542e812_OqEOk8n.jpg
295,eiyuden-chronicle-rising,Eiyuden Chronicle: Rising,4,2022-05-10,3.54,4,12,588,1,233,13,,https://media.rawg.io/media/games/e77/e77462cb5eb12827d0506c6c6feedbc0.jpg
296,flynn-son-of-crimson,Flynn: Son of Crimson,8,2021-09-15,3.3,4,21,379,1,231,23,,https://media.rawg.io/media/screenshots/1ed/1ed69a78ea0237bbccd7b12b118396c2.jpg
297,power-rangers-battle-for-the-grid,Power Rangers: Battle For The Grid,1,2019-03-26,2.89,3,19,259,0,220,19,teen,https://media.rawg.io/media/games/7f5/7f5972ab99f48b84b770dea1edd2f5c5.jpg
298,wasteland-remastered,Wasteland Remastered,1,2020-02-24,2.81,3,16,79,0,216,16,,https://media.rawg.io/media/screenshots/bee/beee405ab29d38db7cc6064e4dafbbaa.jpg
299,ninja-gaiden-3,Ninja Gaiden 3,0,2012-02-14,3.25,4,39,644,1,213,40,mature,https://media.rawg.io/media/games/c6e/c6e59ac06976a364c1e8ed3b90d5b0a5.jpg
300,dead-space-ignition,Dead Space Ignition,0,2010-10-12,2.8,3,30,459,0,208,30,mature,https://media.rawg.io/media/screenshots/713/713b04076ad38438a01d903eb1fb5c84.jpg
301,pupperazzi,Pupperazzi,2,2022-01-20,2.84,4,19,176,0,207,19,everyone,https://media.rawg.io/media/screenshots/da3/da34969a740bd48ea8d5be8d4ec64954.jpg
302,young-souls,Young Souls,5,2022-03-10,3.21,4,14,219,0,207,14,,https://media.rawg.io/media/games/70a/70a009eae06ac608b9d8274125e68bb4.jpg
303,my-friend-peppa-pig,My Friend Peppa Pig,3,2021-10-22,3.0,3,12,133,1,207,13,,https://media.rawg.io/media/games/8df/8df18af38346f2a208d355daf7246d11.jpg
304,mighty-goose,Mighty Goose,4,2021-06-05,3.86,4,21,242,0,203,21,,https://media.rawg.io/media/screenshots/b76/b761b37e518d4578f1abffc7587e25bd.jpg
305,black,BLACK,3,2006-02-24,4.07,4,85,58,0,197,86,mature,https://media.rawg.io/media/games/7fe/7fee01c7f226292be9a27cdc45ee3691.jpg
306,bug-fables,Bug Fables: The Everlasting Sapling,2,2019-11-20,4.23,5,13,130,0,196,13,everyone,https://media.rawg.io/media/screenshots/82f/82f152cf71e5055a4119363998efd13c.jpg
307,olija,Olija,2,2021-01-28,3.54,4,24,51,0,193,24,,https://media.rawg.io/media/screenshots/0fc/0fcc689d1c0018846a901914fe4742f4.jpg
308,phoenix-point,Phoenix Point,0,2019-12-03,3.13,4,49,336,1,188,52,,https://media.rawg.io/media/games/a35/a35b768cd1cfabf5cc1837763d9648af.jpg
309,archvale,Archvale,12,2021-12-02,3.54,4,26,272,0,182,26,,https://media.rawg.io/media/screenshots/70d/70d59d4c32d3c7f925bf5e7502f5bfe9.jpg
310,windjammers-2,Windjammers 2,1,2022-01-20,4.04,4,28,347,0,180,28,everyone,https://media.rawg.io/media/games/445/4454ca9ba9b2e251ab2fa63354558b8a.jpg
311,feeding-frenzy-2,Feeding Frenzy 2,0,2008-01-01,3.5,3,20,287,0,178,20,everyone,https://media.rawg.io/media/screenshots/e92/e925675403902177874a4f7ab463e6c7.jpg
312,yakuza-remastered-collection,Yakuza Remastered Collection,0,2019-08-20,4.06,5,17,385,0,173,17,mature,https://media.rawg.io/media/games/5c5/5c57884270513c4baf3ad0d43a869ffe.jpg
313,lost-words-beyond-the-page,Lost Words: Beyond the Page,4,2021-04-05,4.08,4,12,173,0,170,12,everyone,https://media.rawg.io/media/screenshots/08b/08beb85ebdd1d418ce08863bce0846a5.jpg
314,ben-10-power-trip,Ben 10: Power Trip,1,2020-10-09,2.57,3,13,328,0,165,14,,https://media.rawg.io/media/screenshots/438/4386fdc13fa355b57303c9a89507964f.jpg
315,space-warlord-organ-trading-simulator,Space Warlord Organ Trading Simulator,1,2021-12-07,2.59,3,22,190,0,162,22,,https://media.rawg.io/media/screenshots/af1/af123c33ea2a76602d5b9b1741adaa48.jpg
316,nhl-21,NHL 21,0,2020-10-16,3.43,4,23,250,0,159,23,everyone-10-plus,https://media.rawg.io/media/games/576/5764a182aafe5b5fddc25fdfd15170d6.jpg
317,moonscars,Moonscars,0,2022-09-27,2.62,4,8,453,0,152,8,,https://media.rawg.io/media/screenshots/236/236729a999d0be4cb3c60297d264492a.jpg
318,beacon-pines,Beacon Pines,3,2022-09-22,4.1,4,10,400,0,152,10,teen,https://media.rawg.io/media/games/384/3840fdbb91612c81db98176a4c1e7a8d.jpg
319,infernax,Infernax,7,2022-02-14,4.04,5,22,200,0,149,24,mature,https://media.rawg.io/media/games/38f/38fe875c8621c7f7e7d81209576c1362.jpg
320,the-gunk,The Gunk,0,2021-12-16,3.69,4,37,438,1,149,39,,https://media.rawg.io/media/screenshots/364/36414526a440e61da80716ae1ec11136.jpg
321,super-mega-baseball-3,Super Mega Baseball 3,4,2020-05-13,3.5,5,8,359,0,127,8,everyone,https://media.rawg.io/media/games/63a/63adb258d31d291ee53168327de6294b.jpg
322,loot-river,Loot River,4,2022-05-03,3.62,3,8,244,0,125,8,mature,https://media.rawg.io/media/screenshots/0e1/0e1bdc71ba5de3a7403ad9882c31ce36.jpg
323,nhl-94-rewind,NHL 94 REWIND,0,2020-10-30,3.46,4,12,11,1,123,13,,https://media.rawg.io/media/screenshots/7ca/7ca661636eac4dc119f14e25cd67a3eb.jpg
324,undungeon-2,Undungeon,1,2021-11-18,3.0,3,7,390,0,111,8,,https://media.rawg.io/media/screenshots/b2d/b2d14dcea835b45fe6b35a856f0fec26.jpg
325,fuga-melodies-of-steel,Fuga: Melodies of Steel,6,2021-07-28,0.0,0,1,477,0,109,1,,https://media.rawg.io/media/screenshots/128/1286f376596f7cdf7da6fc2708626cfa.jpg
326,madden-nfl-22,Madden NFL 22,2,2021-08-17,2.0,1,6,453,0,101,6,,https://media.rawg.io/media/games/2c9/2c90a3f77378fca124519365cf347924.jpg
327,moonglow-bay,Moonglow Bay,10,2021-10-26,3.5,4,10,198,0,98,10,,https://media.rawg.io/media/screenshots/674/6740ddd051de766ebd3e34d1cb5e1a65.jpg
328,chinatown-detective-agency,Chinatown Detective Agency,1,2022-04-07,0.0,0,3,439,0,82,3,,https://media.rawg.io/media/games/1d9/1d9f674e4fc3bb73f036b50092cb9862.jpg
329,ufc-4,UFC 4,0,2020-08-14,3.63,4,37,492,1,78,38,teen,https://media.rawg.io/media/games/263/263f39f29a81c68a120e4f1559682dad.jpg
330,the-anacrusis,The Anacrusis,2,2022-01-13,0.0,0,2,454,0,77,4,,https://media.rawg.io/media/games/d27/d275ae07be7d308bbd020fd719ce8910.jpg
331,race-with-ryan,Race With Ryan,2,2019-11-01,0.0,0,3,422,1,77,4,everyone,https://media.rawg.io/media/screenshots/cd8/cd8da23d3df12f5beaf7df2da2a9cf93.jpg
332,anvil,Anvil,5,2021-12-01,0.0,0,4,562,0,70,4,,https://media.rawg.io/media/screenshots/62d/62d50fa26fa65f212e5bbb00413e455c.jpg
333,immortal-realms-vampire-wars,Immortal Realms: Vampire Wars,3,2020-08-27,3.5,4,6,486,0,61,6,,https://media.rawg.io/media/screenshots/e4e/e4ef36ba607fb8a2493526c94d6e450e.jpg
334,the-last-kids-on-earth-and-the-staff-of-doom,The Last Kids on Earth and the Staff of Doom,0,2021-06-04,0.0,0,3,201,0,52,3,,https://media.rawg.io/media/screenshots/bdb/bdbf7cb7f5c0c6717243bf35b3324a08.jpg
335,transformers-battlegrounds,TRANSFORMERS: BATTLEGROUNDS,1,2020-10-23,0.0,0,4,264,0,52,4,,https://media.rawg.io/media/games/7b5/7b5d8272343cc5c142f967c1191c55e9.jpg
336,floppy-knights,Floppy Knights,2,2022-05-24,0.0,0,3,129,0,51,3,everyone-10-plus,https://media.rawg.io/media/screenshots/63f/63fb52de1d20952fdf9fe0ec08285ab9.jpg
337,cricket-22,Cricket 22,15,2021-10-31,0.0,0,3,282,0,46,3,,https://media.rawg.io/media/screenshots/3fd/3fd46d71f44e3e389b6b4d46d9c950df.jpg
338,bassmaster-fishing-2022,Bassmaster Fishing 2022,0,2021-10-28,0.0,0,2,165,0,42,2,,https://media.rawg.io/media/screenshots/824/824f6784c1a7bea5eb0d63c89d1a6bc7.jpg
339,blinx,Blinx: The Time Sweeper,0,2002-10-07,3.5,3,10,368,0,32,10,everyone,https://media.rawg.io/media/screenshots/753/753926f80864b9fb386281097d8a4cf0.jpg
340,ghostbusters-spirits-unleashed,Ghostbusters: Spirits Unleashed,0,2022-10-18,0.0,0,0,500,0,29,0,,https://media.rawg.io/media/games/351/351b4c4c88e51e461e63d1b6f2080fb2.jpg
341,motogp-22,MotoGP 22,4,2022-04-21,0.0,0,2,327,0,22,2,everyone,https://media.rawg.io/media/screenshots/d22/d226e97c3afcc046d11cc331a557bddc.jpg
342,crimson-skies-high-road-to-revenge,Crimson Skies: High Road to Revenge,0,2003-11-11,0.0,5,5,450,0,21,5,teen,https://media.rawg.io/media/screenshots/f1f/f1ff8c25a2511c387e2d8633f55abc4d.jpg
343,grid-3,GRID,0,2019-10-10,3.83,4,6,0,0,20,6,,
344,just-cause-4-reloaded,Just Cause 4: Reloaded,0,2019-11-07,3.0,3,6,374,0,19,6,,https://media.rawg.io/media/screenshots/90d/90dff81acf29733d413a4de86c19929f.jpg
345,pac-man-museum-2,PAC-MAN MUSEUM+,1,2022-05-27,0.0,0,1,323,0,15,1,everyone,https://media.rawg.io/media/screenshots/7e3/7e33ef6b70ad48eac6c09000bc1e7ca3.jpg
346,paw-patrol-the-movie-adventure-city-calls,PAW Patrol The Movie: Adventure City Calls,0,2021-08-13,0.0,0,3,169,0,13,3,,https://media.rawg.io/media/screenshots/cbc/cbc1435fd40efda19faf2e94679e9675.jpg
347,nhl-22,NHL 22,0,2021-10-12,0.0,4,2,425,2,7,5,everyone-10-plus,https://media.rawg.io/media/games/975/975a844185ff056cbc0be2b10608b851.jpg
348,mlb-the-show-22,MLB The Show 22,0,2022-04-01,0.0,0,1,35,0,6,1,everyone,https://media.rawg.io/media/games/2f3/2f3dc3636d8211a42f8a0d151ee43562.jpg
349,the-bards-tale-arpg-remastered-and-resnarkled,The Bard's Tale ARPG: Remastered and Resnarkled,0,2020-06-17,0.0,0,0,355,0,3,0,teen,https://media.rawg.io/media/screenshots/814/814b9c75ff1a1d0025244a2a50f8dce4.jpg
